audit_id,source_independence,relationship,classification,error_stage,document_a,document_b,fact_a_summary,fact_b_summary,reason
CONTRA-CROSS-01,cross_document,CONTRADICTS,CONTEXTUALLY_DIFFERENT,Fact Extraction (Module 2),01-delhivery-prospectus-2022-excerpt-0d7e71,03-delhivery-q4-fy24-earnings-presentation-5ca307,"Company -> depreciation_and_amortisation_expense = 1320.19  (unknown, default-scope)","Company -> depreciation_and_amortisation_expense = 242  (Q4 FY23, default-scope)",Temporal & Scope divergence: Fact A from Doc 1 represents FY21 / 9M FY22 acquisition adjustments where period and scope were lost as 'unknown' in table extraction. Fact B from Doc 3 represents FY23/FY24 quarterly/annual depreciation. They describe different periods and scopes.
CONTRA-CROSS-02,cross_document,CONTRADICTS,CONTEXTUALLY_DIFFERENT,Fact Extraction (Module 2),01-delhivery-prospectus-2022-excerpt-0d7e71,03-delhivery-q4-fy24-earnings-presentation-5ca307,"Company -> depreciation_and_amortisation_expense = 1320.19  (unknown, default-scope)","Company -> depreciation_and_amortisation_expense = 183  (Q3 FY24, default-scope)",Temporal & Scope divergence: Fact A from Doc 1 represents FY21 / 9M FY22 acquisition adjustments where period and scope were lost as 'unknown' in table extraction. Fact B from Doc 3 represents FY23/FY24 quarterly/annual depreciation. They describe different periods and scopes.
CONTRA-CROSS-03,cross_document,CONTRADICTS,CONTEXTUALLY_DIFFERENT,Fact Extraction (Module 2),01-delhivery-prospectus-2022-excerpt-0d7e71,03-delhivery-q4-fy24-earnings-presentation-5ca307,"Company -> depreciation_and_amortisation_expense = 1320.19  (unknown, default-scope)","Company -> depreciation_and_amortisation_expense = 200  (Q4 FY24, default-scope)",Temporal & Scope divergence: Fact A from Doc 1 represents FY21 / 9M FY22 acquisition adjustments where period and scope were lost as 'unknown' in table extraction. Fact B from Doc 3 represents FY23/FY24 quarterly/annual depreciation. They describe different periods and scopes.
CONTRA-CROSS-04,cross_document,CONTRADICTS,CONTEXTUALLY_DIFFERENT,Fact Extraction (Module 2),01-delhivery-prospectus-2022-excerpt-0d7e71,03-delhivery-q4-fy24-earnings-presentation-5ca307,"Company -> depreciation_and_amortisation_expense = 1320.19  (unknown, default-scope)","Company -> depreciation_and_amortisation_expense = 831  (FY23, default-scope)",Temporal & Scope divergence: Fact A from Doc 1 represents FY21 / 9M FY22 acquisition adjustments where period and scope were lost as 'unknown' in table extraction. Fact B from Doc 3 represents FY23/FY24 quarterly/annual depreciation. They describe different periods and scopes.
CONTRA-CROSS-05,cross_document,CONTRADICTS,CONTEXTUALLY_DIFFERENT,Fact Extraction (Module 2),01-delhivery-prospectus-2022-excerpt-0d7e71,03-delhivery-q4-fy24-earnings-presentation-5ca307,"Company -> depreciation_and_amortisation_expense = 1320.19  (unknown, default-scope)","Company -> depreciation_and_amortisation_expense = 722  (FY24, default-scope)",Temporal & Scope divergence: Fact A from Doc 1 represents FY21 / 9M FY22 acquisition adjustments where period and scope were lost as 'unknown' in table extraction. Fact B from Doc 3 represents FY23/FY24 quarterly/annual depreciation. They describe different periods and scopes.
CONTRA-CROSS-06,cross_document,CONTRADICTS,CONTEXTUALLY_DIFFERENT,Fact Extraction (Module 2),01-delhivery-prospectus-2022-excerpt-0d7e71,03-delhivery-q4-fy24-earnings-presentation-5ca307,"Company -> depreciation_and_amortisation_expense = 240.01  (unknown, default-scope)","Company -> depreciation_and_amortisation_expense = 242  (Q4 FY23, default-scope)",Temporal & Scope divergence: Fact A from Doc 1 represents FY21 / 9M FY22 acquisition adjustments where period and scope were lost as 'unknown' in table extraction. Fact B from Doc 3 represents FY23/FY24 quarterly/annual depreciation. They describe different periods and scopes.
CONTRA-CROSS-07,cross_document,CONTRADICTS,CONTEXTUALLY_DIFFERENT,Fact Extraction (Module 2),01-delhivery-prospectus-2022-excerpt-0d7e71,03-delhivery-q4-fy24-earnings-presentation-5ca307,"Company -> depreciation_and_amortisation_expense = 240.01  (unknown, default-scope)","Company -> depreciation_and_amortisation_expense = 183  (Q3 FY24, default-scope)",Temporal & Scope divergence: Fact A from Doc 1 represents FY21 / 9M FY22 acquisition adjustments where period and scope were lost as 'unknown' in table extraction. Fact B from Doc 3 represents FY23/FY24 quarterly/annual depreciation. They describe different periods and scopes.
CONTRA-CROSS-08,cross_document,CONTRADICTS,CONTEXTUALLY_DIFFERENT,Fact Extraction (Module 2),01-delhivery-prospectus-2022-excerpt-0d7e71,03-delhivery-q4-fy24-earnings-presentation-5ca307,"Company -> depreciation_and_amortisation_expense = 240.01  (unknown, default-scope)","Company -> depreciation_and_amortisation_expense = 200  (Q4 FY24, default-scope)",Temporal & Scope divergence: Fact A from Doc 1 represents FY21 / 9M FY22 acquisition adjustments where period and scope were lost as 'unknown' in table extraction. Fact B from Doc 3 represents FY23/FY24 quarterly/annual depreciation. They describe different periods and scopes.
CONTRA-CROSS-09,cross_document,CONTRADICTS,CONTEXTUALLY_DIFFERENT,Fact Extraction (Module 2),01-delhivery-prospectus-2022-excerpt-0d7e71,03-delhivery-q4-fy24-earnings-presentation-5ca307,"Company -> depreciation_and_amortisation_expense = 240.01  (unknown, default-scope)","Company -> depreciation_and_amortisation_expense = 831  (FY23, default-scope)",Temporal & Scope divergence: Fact A from Doc 1 represents FY21 / 9M FY22 acquisition adjustments where period and scope were lost as 'unknown' in table extraction. Fact B from Doc 3 represents FY23/FY24 quarterly/annual depreciation. They describe different periods and scopes.
CONTRA-CROSS-10,cross_document,CONTRADICTS,CONTEXTUALLY_DIFFERENT,Fact Extraction (Module 2),01-delhivery-prospectus-2022-excerpt-0d7e71,03-delhivery-q4-fy24-earnings-presentation-5ca307,"Company -> depreciation_and_amortisation_expense = 240.01  (unknown, default-scope)","Company -> depreciation_and_amortisation_expense = 722  (FY24, default-scope)",Temporal & Scope divergence: Fact A from Doc 1 represents FY21 / 9M FY22 acquisition adjustments where period and scope were lost as 'unknown' in table extraction. Fact B from Doc 3 represents FY23/FY24 quarterly/annual depreciation. They describe different periods and scopes.
CONTRA-SAME-01,same_document,CONTRADICTS,EXTRACTION_ERROR,Fact Extraction (Module 2 Table Extractor),01-delhivery-prospectus-2022-excerpt-0d7e71,01-delhivery-prospectus-2022-excerpt-0d7e71,"Company -> 1 = 43.31  (March 31, 2021, default-scope)","Company -> 1 = 5.79  (March 31, 2021, default-scope)","Column/footnote number '1' in table was incorrectly treated as metric predicate. Completely different row metrics (e.g. Table [Headers: ['S. No.', 'Name of the  vs Table [Headers: ['S. No.', 'Name of the ) were falsely paired."
CONTRA-SAME-02,same_document,CONTRADICTS,EXTRACTION_ERROR,Fact Extraction (Module 2 Table Extractor),01-delhivery-prospectus-2022-excerpt-0d7e71,01-delhivery-prospectus-2022-excerpt-0d7e71,"Company -> 2 = 381.21  (December 31, 2021, default-scope)","Company -> 2 = 3.02  (December 31, 2021, default-scope)","Column/footnote number '2' in table was incorrectly treated as metric predicate. Completely different row metrics (e.g. Table [Headers: ['S. No.', 'Name of the  vs Table [Headers: ['S. No.', 'Name of the ) were falsely paired."
CONTRA-SAME-03,same_document,CONTRADICTS,EXTRACTION_ERROR,Fact Extraction (Module 2 Table Extractor),03-delhivery-q4-fy24-earnings-presentation-5ca307,03-delhivery-q4-fy24-earnings-presentation-5ca307,"Company -> of_revenue = 34.5 % (Q4 FY22, default-scope)","Company -> of_revenue = 20.2 % (Q4 FY22, default-scope)",Header fragment 'of_revenue' was extracted as metric predicate across multiple rows of a financial table. Different expense/revenue line items were falsely collapsed into identical claim candidates.
CONTRA-SAME-04,same_document,CONTRADICTS,EXTRACTION_ERROR,Fact Extraction (Module 2 Table Extractor),03-delhivery-q4-fy24-earnings-presentation-5ca307,03-delhivery-q4-fy24-earnings-presentation-5ca307,"Company -> as_of_end_of_for_the_period_q4_fy23 = 18540  (unknown, default-scope)","Company -> as_of_end_of_for_the_period_q4_fy23 = 27253  (unknown, default-scope)",Header fragment 'as_of_end_of_for_the_period_q4_fy23' was extracted as metric predicate across multiple rows of a financial table. Different expense/revenue line items were falsely collapsed into identical claim candidates.
CONTRA-SAME-05,same_document,CONTRADICTS,EXTRACTION_ERROR,Fact Extraction (Module 2 Table Extractor),03-delhivery-q4-fy24-earnings-presentation-5ca307,03-delhivery-q4-fy24-earnings-presentation-5ca307,"Company -> fy24 = 5971  (unknown, default-scope)","Company -> fy24 = 2684  (unknown, default-scope)",Header fragment 'fy24' was extracted as metric predicate across multiple rows of a financial table. Different expense/revenue line items were falsely collapsed into identical claim candidates.
CONTRA-SAME-06,same_document,CONTRADICTS,CONTEXTUALLY_DIFFERENT,Fact Extraction (Module 2),01-delhivery-prospectus-2022-excerpt-0d7e71,01-delhivery-prospectus-2022-excerpt-0d7e71,"which we -> acquired = 202  (December 31, 2020, default-scope)","which we -> acquired = 1  (December 31, 2020, default-scope)","Facts describe different acquisitions or different entities acquired, but entity name was omitted from predicate."
CONTRA-SAME-07,same_document,CONTRADICTS,CONTEXTUALLY_DIFFERENT,Fact Extraction (Module 2),01-delhivery-prospectus-2022-excerpt-0d7e71,01-delhivery-prospectus-2022-excerpt-0d7e71,"Company -> depreciation_and_amortisation_expense = 3881.75  (December 31, 2021, default-scope)","Company -> depreciation_and_amortisation_expense = 1320.19  (unknown, default-scope)",Restated Consolidated vs Proforma Consolidated vs Adjustments columns in the same table were extracted without scope distinction.
CONTRA-SAME-08,same_document,CONTRADICTS,CONTEXTUALLY_DIFFERENT,Fact Extraction (Module 2),03-delhivery-q4-fy24-earnings-presentation-5ca307,03-delhivery-q4-fy24-earnings-presentation-5ca307,"Company -> employee_benefit_expense_excl_share_based_payments = 0.8 % (unknown, default-scope)","Company -> employee_benefit_expense_excl_share_based_payments = 8.4 % (unknown, default-scope)",Different quarterly percentages in the same presentation table (QoQ% vs YoY%) where quarterly labels were omitted.
CONTRA-SAME-09,same_document,CONTRADICTS,GENUINE_CONTRADICTION,None (Correct Reasoning),doc-disagree,doc-disagree,"Company -> revenue = 100 ₹ (unknown, default-scope)","Company -> revenue = 120 ₹ (unknown, default-scope)",Synthetic fixture designed specifically to test internal document conflict.
CONTRA-SAME-10,same_document,CONTRADICTS,GENUINE_CONTRADICTION,None (Correct Reasoning),doc-pages,doc-pages,"Company -> revenue = 50 ₹ (2022, default-scope)","Company -> revenue = 202  (2022, default-scope)",Synthetic fixture designed specifically to test internal document conflict.
CORR-01,same_document,CORROBORATES,GENUINE_CORROBORATION,None (Valid Corroboration),01-delhivery-prospectus-2022-excerpt-0d7e71,01-delhivery-prospectus-2022-excerpt-0d7e71,"Company -> ii_income_tax_relating_to_items_that_will_not_be_reclassified_to_profit_and_loss = 1.38  (August 24, 2021, default-scope)","Company -> ii_income_tax_relating_to_items_that_will_not_be_reclassified_to_profit_and_loss = 1.38  (unknown, default-scope)",Identical financial statement item reported with matching value and matching context.
CORR-02,same_document,CORROBORATES,GENUINE_CORROBORATION,None (Valid Corroboration),01-delhivery-prospectus-2022-excerpt-0d7e71,01-delhivery-prospectus-2022-excerpt-0d7e71,"we -> acquired = 202  (December 31, 2021, default-scope)","We -> acquired = 202  (as of December 31, 2021, default-scope)","Genuine repeated statement across pages 48 and 55 confirming acquisitions as of Dec 31, 2021."
CORR-03,same_document,CORROBORATES,GENUINE_CORROBORATION,None (Valid Corroboration),01-delhivery-prospectus-2022-excerpt-0d7e71,01-delhivery-prospectus-2022-excerpt-0d7e71,"we -> acquired = 1  (December 31, 2021, default-scope)","We -> acquired = 1  (as of December 31, 2021, default-scope)","Genuine repeated statement across pages 48 and 55 confirming acquisitions as of Dec 31, 2021."
RECON-01,same_document,CONTEXTUALLY_RECONCILED,VALID_RECONCILIATION,None,03-delhivery-q4-fy24-earnings-presentation-5ca307,03-delhivery-q4-fy24-earnings-presentation-5ca307,"Company -> employee_benefit_expense_excl_share_based_payments = 284  (Q4 FY23, default-scope)","Company -> employee_benefit_expense_excl_share_based_payments = 306  (Q3 FY24, default-scope)",The values differ because the facts describe different reporting periods.
RECON-02,same_document,CONTEXTUALLY_RECONCILED,VALID_RECONCILIATION,None,03-delhivery-q4-fy24-earnings-presentation-5ca307,03-delhivery-q4-fy24-earnings-presentation-5ca307,"Company -> fy24 = 17  (unknown, default-scope)","Company -> fy24 = 1.2 % (unknown, default-scope)",The figures represent different metric dimensions (absolute figure vs percentage rate).
RECON-03,same_document,CONTEXTUALLY_RECONCILED,VALID_RECONCILIATION,None,01-delhivery-prospectus-2022-excerpt-0d7e71,01-delhivery-prospectus-2022-excerpt-0d7e71,"Company -> revenue_from_contract_with_customers = 44501.15  (for the year ended March 31, 2021, default-scope)","Company -> revenue_from_contract_with_customers = 48105.3  (2021, default-scope)",The values differ because the facts describe different reporting periods.
RECON-04,same_document,CONTEXTUALLY_RECONCILED,VALID_RECONCILIATION,None,01-delhivery-prospectus-2022-excerpt-0d7e71,01-delhivery-prospectus-2022-excerpt-0d7e71,"Company -> other_current_assets = 1144.46  (December 31, 2020, default-scope)","Company -> other_current_assets = 1386.38  (March 31, 2021, default-scope)",The values differ because the facts describe different reporting periods.
RECON-05,cross_document,CONTEXTUALLY_RECONCILED,VALID_RECONCILIATION,None,01-delhivery-prospectus-2022-excerpt-0d7e71,03-delhivery-q4-fy24-earnings-presentation-5ca307,"Company -> total_income = 29886.29  (March 31, 2020, default-scope)","Company -> total_income = 2325  (Q3 FY24, default-scope)",The values differ because the facts describe different reporting periods.
RECON-06,same_document,CONTEXTUALLY_RECONCILED,VALID_RECONCILIATION,None,03-delhivery-q4-fy24-earnings-presentation-5ca307,03-delhivery-q4-fy24-earnings-presentation-5ca307,"Company -> less_corporate_overheads = 200  (Q4 FY23, default-scope)","Company -> less_corporate_overheads = 214  (Q3 FY24, default-scope)",The values differ because the facts describe different reporting periods.
RECON-07,same_document,CONTEXTUALLY_RECONCILED,VALID_RECONCILIATION,None,03-delhivery-q4-fy24-earnings-presentation-5ca307,03-delhivery-q4-fy24-earnings-presentation-5ca307,"Company -> service_ebitda = 238  (Q4 FY24, default-scope)","Company -> service_ebitda = 941  (FY24, default-scope)",The figures reflect differing reporting durations or overlapping temporal periods.
RECON-08,same_document,CONTEXTUALLY_RECONCILED,VALID_RECONCILIATION,None,01-delhivery-prospectus-2022-excerpt-0d7e71,01-delhivery-prospectus-2022-excerpt-0d7e71,"Company -> total_income_i = 49114.06  (2021, default-scope)","Company -> total_income_i = 52706.81  (December 31, 2021, default-scope)",The values differ because the facts describe different reporting periods.
RECON-09,same_document,CONTEXTUALLY_RECONCILED,VALID_RECONCILIATION,None,01-delhivery-prospectus-2022-excerpt-0d7e71,01-delhivery-prospectus-2022-excerpt-0d7e71,"Company -> revenue_from_express_parcel_services = 19288.56  (Fiscal 2020, default-scope)","Company -> revenue_from_express_parcel_services = 71.22 % (December 31, 2020, default-scope)",The values differ because the facts describe different reporting periods.
RECON-10,same_document,CONTEXTUALLY_RECONCILED,VALID_RECONCILIATION,None,01-delhivery-prospectus-2022-excerpt-0d7e71,01-delhivery-prospectus-2022-excerpt-0d7e71,"Company -> other_income = 1917.64  (for the year ended March 31, 2021, default-scope)","Company -> other_income = 2080.54  (for the year ended March 31, 2020, default-scope)",The values differ because the facts describe different reporting periods.
RECON-11,same_document,CONTEXTUALLY_RECONCILED,VALID_RECONCILIATION,None,03-delhivery-q4-fy24-earnings-presentation-5ca307,03-delhivery-q4-fy24-earnings-presentation-5ca307,"Company -> of_revenue = 33.1 % (Q4 FY23, default-scope)","Company -> of_revenue = 1.0 % (Q4 FY24, default-scope)",The values differ because the facts describe different reporting periods.
RECON-12,same_document,CONTEXTUALLY_RECONCILED,VALID_RECONCILIATION,None,03-delhivery-q4-fy24-earnings-presentation-5ca307,03-delhivery-q4-fy24-earnings-presentation-5ca307,"Company -> of_revenue = 12.2 % (Q4 FY24, default-scope)","Company -> of_revenue = 1.0 % (Q3 FY24, default-scope)",The values differ because the facts describe different reporting periods.
RECON-13,same_document,CONTEXTUALLY_RECONCILED,VALID_RECONCILIATION,None,03-delhivery-q4-fy24-earnings-presentation-5ca307,03-delhivery-q4-fy24-earnings-presentation-5ca307,"Company -> of_revenue = 1.2 % (Q3 FY24, default-scope)","Company -> of_revenue = 0.9 % (Q4 FY24, default-scope)",The values differ because the facts describe different reporting periods.
RECON-14,same_document,CONTEXTUALLY_RECONCILED,VALID_RECONCILIATION,None,01-delhivery-prospectus-2022-excerpt-0d7e71,01-delhivery-prospectus-2022-excerpt-0d7e71,"Company -> finance_costs = 762.29  (December 31, 2021, default-scope)","Company -> finance_costs = 639.39  (December 31, 2020, default-scope)",The values differ because the facts describe different reporting periods.
RECON-15,same_document,CONTEXTUALLY_RECONCILED,VALID_RECONCILIATION,None,01-delhivery-prospectus-2022-excerpt-0d7e71,01-delhivery-prospectus-2022-excerpt-0d7e71,"Company -> ii_lease_liabilities = 1107.66  (March 31, 2020, default-scope)","Company -> ii_lease_liabilities = 1929.98  (March 31, 2021, default-scope)",The values differ because the facts describe different reporting periods.
RECON-16,same_document,CONTEXTUALLY_RECONCILED,VALID_RECONCILIATION,None,03-delhivery-q4-fy24-earnings-presentation-5ca307,03-delhivery-q4-fy24-earnings-presentation-5ca307,"Company -> employee_benefit_expense_share_based_payments = 54  (Q3 FY24, default-scope)","Company -> employee_benefit_expense_share_based_payments = 289  (FY23, default-scope)",The values differ because the facts describe different reporting periods.
RECON-17,same_document,CONTEXTUALLY_RECONCILED,VALID_RECONCILIATION,None,01-delhivery-prospectus-2022-excerpt-0d7e71,01-delhivery-prospectus-2022-excerpt-0d7e71,"Company -> revenue_from_contracts_with_customers = 36465.27  (Fiscal 2021, default-scope)","Company -> revenue_from_contracts_with_customers = 100.0 % (December 31, 2020, default-scope)",The values differ because the facts describe different reporting periods.
RECON-18,same_document,CONTEXTUALLY_RECONCILED,VALID_RECONCILIATION,None,01-delhivery-prospectus-2022-excerpt-0d7e71,01-delhivery-prospectus-2022-excerpt-0d7e71,"Company -> 1 = 5.79  (March 31, 2021, default-scope)","Company -> 1 = 104.47  (March 31, 2019, default-scope)",The values differ because the facts describe different reporting periods.
RECON-19,same_document,CONTEXTUALLY_RECONCILED,VALID_RECONCILIATION,None,01-delhivery-prospectus-2022-excerpt-0d7e71,01-delhivery-prospectus-2022-excerpt-0d7e71,"Company -> 1 = 66.15  (March 31, 2020, default-scope)","Company -> 1 = 104.47  (March 31, 2019, default-scope)",The values differ because the facts describe different reporting periods.
RECON-20,same_document,CONTEXTUALLY_RECONCILED,VALID_RECONCILIATION,None,01-delhivery-prospectus-2022-excerpt-0d7e71,01-delhivery-prospectus-2022-excerpt-0d7e71,"Company -> 1 = 0.11  (December 31, 2020, default-scope)","Company -> 1 = 20.79  (December 31, 2021, default-scope)",The values differ because the facts describe different reporting periods.
UNRES-01,cross_document,UNRESOLVED,VALID_UNRESOLVED,None,doc-disagree,doc-pages,"Company -> revenue = 100 ₹ (unknown, default-scope)","Company -> revenue = 50 ₹ (2022, default-scope)","The subject is unresolved or generic, preventing safe entity attribution."
UNRES-02,cross_document,UNRESOLVED,VALID_UNRESOLVED,None,01-delhivery-prospectus-2022-excerpt-0d7e71,01-india-economic-survey-2024-25-excerpt-86f2e7,"The following table -> provides = 24  (August 24, 2021, default-scope)","The department also -> provides = 24  (unknown, default-scope)","The subject is unresolved or generic, preventing safe entity attribution."
UNRES-03,cross_document,UNRESOLVED,VALID_UNRESOLVED,None,01-delhivery-prospectus-2022-excerpt-0d7e71,01-india-economic-survey-2024-25-excerpt-86f2e7,"The following table -> provides = 1  (August 24, 2021, default-scope)","The department also -> provides = 24  (unknown, default-scope)","The subject is unresolved or generic, preventing safe entity attribution."
UNRES-04,cross_document,UNRESOLVED,VALID_UNRESOLVED,None,01-delhivery-prospectus-2022-excerpt-0d7e71,01-india-economic-survey-2024-25-excerpt-86f2e7,"The following table -> provides = 9  (December 31, 2020, default-scope)","The department also -> provides = 24  (unknown, default-scope)","The subject is unresolved or generic, preventing safe entity attribution."
UNRES-05,cross_document,UNRESOLVED,VALID_UNRESOLVED,None,01-delhivery-prospectus-2022-excerpt-0d7e71,01-india-economic-survey-2024-25-excerpt-86f2e7,"The following table -> provides = 0  (December 31, 2020, default-scope)","The department also -> provides = 24  (unknown, default-scope)","The subject is unresolved or generic, preventing safe entity attribution."
UNRES-06,cross_document,UNRESOLVED,VALID_UNRESOLVED,None,01-delhivery-prospectus-2022-excerpt-0d7e71,01-india-economic-survey-2024-25-excerpt-86f2e7,"The following table -> provides = 31  (December 31, 2020, default-scope)","The department also -> provides = 24  (unknown, default-scope)","The subject is unresolved or generic, preventing safe entity attribution."
UNRES-07,cross_document,UNRESOLVED,VALID_UNRESOLVED,None,01-delhivery-prospectus-2022-excerpt-0d7e71,01-india-economic-survey-2024-25-excerpt-86f2e7,"The following table -> provides = 202  (as of December 31, 2021, default-scope)","The department also -> provides = 24  (unknown, default-scope)","The subject is unresolved or generic, preventing safe entity attribution."
UNRES-08,same_document,UNRESOLVED,VALID_UNRESOLVED,None,01-delhivery-prospectus-2022-excerpt-0d7e71,01-delhivery-prospectus-2022-excerpt-0d7e71,"The following table -> provides = a snapshot of Spoton's key operational perform ance indicators as of and for the dates indicated  (2021, default-scope)","our distributed architecture enables us to scale rapidly and -> provides = flexibility with multiple teams working independently on various services for faster deployment  (unknown, default-scope)","The subject is unresolved or generic, preventing safe entity attribution."
UNRES-09,cross_document,UNRESOLVED,VALID_UNRESOLVED,None,01-delhivery-prospectus-2022-excerpt-0d7e71,01-india-economic-survey-2024-25-excerpt-86f2e7,"The following table -> provides = a snapshot of Spoton's key operational perform ance indicators as of and for the dates indicated  (2021, default-scope)","significantly reducing transaction costs. The Bharat Mart in Dubai -> provides = Indian MSMEs affordable access to the Gulf Cooperation Council, African, and CIS markets, enhancing exports to these regions  (unknown, default-scope)","The subject is unresolved or generic, preventing safe entity attribution."
UNRES-10,same_document,UNRESOLVED,VALID_UNRESOLVED,None,01-delhivery-prospectus-2022-excerpt-0d7e71,01-delhivery-prospectus-2022-excerpt-0d7e71,"We -> acquired = Primaseller Inc  (2021, default-scope)","Our Directors are not interested in any property -> acquired = or proposed to be acquired by our Company  (unknown, default-scope)","The subject is unresolved or generic, preventing safe entity attribution."
UNRES-11,cross_document,UNRESOLVED,VALID_UNRESOLVED,None,01-delhivery-prospectus-2022-excerpt-0d7e71,03-delhivery-q4-fy24-earnings-presentation-5ca307,"we -> acquired = Roadpiper Technologies Private Limited, a digital freight broker with fleet owner, load-matching and pricing applications  (2020, default-scope)","Assets -> acquired = through Spoton acquisition  (unknown, default-scope)","The subject is unresolved or generic, preventing safe entity attribution."
UNRES-12,same_document,UNRESOLVED,VALID_UNRESOLVED,None,01-delhivery-prospectus-2022-excerpt-0d7e71,01-delhivery-prospectus-2022-excerpt-0d7e71,"we -> acquired = 683999 tonnes (December 31, 2021, default-scope)","which we -> acquired = 202  (December 31, 2020, default-scope)","The subject is unresolved or generic, preventing safe entity attribution."
UNRES-13,same_document,UNRESOLVED,VALID_UNRESOLVED,None,01-delhivery-prospectus-2022-excerpt-0d7e71,01-delhivery-prospectus-2022-excerpt-0d7e71,"we -> acquired = 202  (December 31, 2021, default-scope)","which we -> acquired = 1  (December 31, 2020, default-scope)","The subject is unresolved or generic, preventing safe entity attribution."
UNRES-14,same_document,UNRESOLVED,VALID_UNRESOLVED,None,01-delhivery-prospectus-2022-excerpt-0d7e71,01-delhivery-prospectus-2022-excerpt-0d7e71,"we -> acquired = 1  (December 31, 2021, default-scope)","which we -> acquired = 758730 tonnes (December 31, 2020, default-scope)","The subject is unresolved or generic, preventing safe entity attribution."
UNRES-15,same_document,UNRESOLVED,VALID_UNRESOLVED,None,01-delhivery-prospectus-2022-excerpt-0d7e71,01-delhivery-prospectus-2022-excerpt-0d7e71,"we -> acquired = 31  (December 31, 2021, default-scope)","which we -> acquired = 508026 tonnes (December 31, 2020, default-scope)","The subject is unresolved or generic, preventing safe entity attribution."
UNRES-16,same_document,UNRESOLVED,VALID_UNRESOLVED,None,01-delhivery-prospectus-2022-excerpt-0d7e71,01-delhivery-prospectus-2022-excerpt-0d7e71,"we -> acquired = 34  (December 31, 2021, default-scope)","which we -> acquired = 683999 tonnes (December 31, 2020, default-scope)","The subject is unresolved or generic, preventing safe entity attribution."
UNRES-17,same_document,UNRESOLVED,VALID_UNRESOLVED,None,01-delhivery-prospectus-2022-excerpt-0d7e71,01-delhivery-prospectus-2022-excerpt-0d7e71,"which we -> acquired = 1  (December 31, 2020, default-scope)","We -> acquired = 1  (as of December 31, 2021, default-scope)","The subject is unresolved or generic, preventing safe entity attribution."
UNRES-18,same_document,UNRESOLVED,VALID_UNRESOLVED,None,01-delhivery-prospectus-2022-excerpt-0d7e71,01-delhivery-prospectus-2022-excerpt-0d7e71,"which we -> acquired = 508026 tonnes (December 31, 2020, default-scope)","We -> acquired = 1  (as of December 31, 2021, default-scope)","The subject is unresolved or generic, preventing safe entity attribution."
UNRES-19,same_document,UNRESOLVED,VALID_UNRESOLVED,None,01-delhivery-prospectus-2022-excerpt-0d7e71,01-delhivery-prospectus-2022-excerpt-0d7e71,"which we -> acquired = 31  (December 31, 2020, default-scope)","We -> acquired = 1  (as of December 31, 2021, default-scope)","The subject is unresolved or generic, preventing safe entity attribution."
UNRES-20,same_document,UNRESOLVED,VALID_UNRESOLVED,None,01-delhivery-prospectus-2022-excerpt-0d7e71,01-delhivery-prospectus-2022-excerpt-0d7e71,"We -> launched = 202  (2021, default-scope)","We have also -> launched = 2  (2021, default-scope)","The subject is unresolved or generic, preventing safe entity attribution."
